{"cameraMode":{"drawMode":0,"name":"Shaded","section":"Shading Mode"},"sceneLighting":false,"audioPlay":false,"sceneViewState":{"m_AlwaysRefresh":false,"showFog":true,"showSkybox":true,"showFlares":true,"showImageEffects":true,"showParticleSystems":true,"showVisualEffectGraphs":true,"m_FxEnabled":true},"in2DMode":false,"pivot":{"x":-8.19864559173584,"y":-30.523815155029298,"z":15.572885513305664},"rotation":{"x":0.42085888981819155,"y":-0.09276528656482697,"z":0.04329671710729599,"w":0.9014252424240112},"size":25.482086181640626,"orthographic":false}