{"cameraMode":{"drawMode":0,"name":"Shaded","section":"Shading Mode"},"sceneLighting":false,"audioPlay":false,"sceneViewState":{"m_AlwaysRefresh":false,"showFog":true,"showSkybox":true,"showFlares":true,"showImageEffects":true,"showParticleSystems":true,"showVisualEffectGraphs":true,"m_FxEnabled":true},"in2DMode":false,"pivot":{"x":-13.311894416809082,"y":6.411066055297852,"z":-16.351543426513673},"rotation":{"x":-0.41602766513824465,"y":-0.029983576387166978,"z":0.015045387670397759,"w":-0.9089376926422119},"size":2.6411406993865969,"orthographic":false}