{"cameraMode":{"drawMode":0,"name":"Shaded","section":"Shading Mode"},"sceneLighting":false,"audioPlay":false,"sceneViewState":{"m_AlwaysRefresh":false,"showFog":true,"showSkybox":true,"showFlares":true,"showImageEffects":true,"showParticleSystems":true,"showVisualEffectGraphs":true,"m_FxEnabled":true},"in2DMode":false,"pivot":{"x":-13.004321098327637,"y":4.3291144371032719,"z":-15.709733963012696},"rotation":{"x":-0.43926912546157839,"y":-0.014771956019103527,"z":0.008553113788366318,"w":-0.8984013199806213},"size":2.621422529220581,"orthographic":false}