{"cameraMode":{"drawMode":0,"name":"Shaded","section":"Shading Mode"},"sceneLighting":false,"audioPlay":false,"sceneViewState":{"m_AlwaysRefresh":false,"showFog":true,"showSkybox":true,"showFlares":true,"showImageEffects":true,"showParticleSystems":true,"showVisualEffectGraphs":true,"m_FxEnabled":true},"in2DMode":false,"pivot":{"x":11.350820541381836,"y":-17.27593231201172,"z":15.451407432556153},"rotation":{"x":0.25859975814819338,"y":0.2916029989719391,"z":-0.08229642361402512,"w":0.9172951579093933},"size":21.090028762817384,"orthographic":false}