{"cameraMode":{"drawMode":0,"name":"Shaded","section":"Shading Mode"},"sceneLighting":true,"audioPlay":false,"sceneViewState":{"m_AlwaysRefresh":false,"showFog":true,"showSkybox":true,"showFlares":true,"showImageEffects":true,"showParticleSystems":true,"showVisualEffectGraphs":true,"m_FxEnabled":true},"in2DMode":false,"pivot":{"x":0.45272547006607058,"y":-19.633554458618165,"z":-5.406931400299072},"rotation":{"x":-0.35835766792297366,"y":-0.4743519425392151,"z":0.22920109331607819,"w":-0.7720850706100464},"size":17.421873092651368,"orthographic":false}