{"cameraMode":{"drawMode":0,"name":"Shaded","section":"Shading Mode"},"sceneLighting":false,"audioPlay":false,"sceneViewState":{"m_AlwaysRefresh":false,"showFog":true,"showSkybox":false,"showFlares":true,"showImageEffects":true,"showParticleSystems":true,"showVisualEffectGraphs":true,"m_FxEnabled":true},"in2DMode":false,"pivot":{"x":-2.0739998817443849,"y":0.939000129699707,"z":1.0989999771118165},"rotation":{"x":-0.3810531198978424,"y":0.025179963558912278,"z":-0.009282599203288556,"w":-0.9245434999465942},"size":1.5923982858657838,"orthographic":false}